variant	clinvar	gnomad_freq
p.G2064R	P	1e-05
p.R2069C	LP	1e-05
p.G1773D	P	0.0
p.G2003R	P	0.0
p.G2003E	P	0.0
p.G2006S	P	0.0
p.G2006D	LP	0.0
p.G2009R	P	0.0
p.G2012D	P	0.0
p.G2015E	P	0.0
p.G2028R	P	0.0
p.G2034R	P	0.0
p.G2037E	P	0.0
p.G2037V	P	0.0
p.G2040S	P	0.0
p.G2040D	P	0.0
p.G2043R	P	0.0
p.G2046S	P	0.0
p.G2055E	P	0.0
p.G2064E	P	0.0
p.G2070E	P	0.0
p.G2076D	P	0.0
p.G2079R	P	0.0
p.G2281R	P	0.0
p.G2287R	P	0.0
p.G2502E	LP	0.0
p.G2626D	P	0.0
p.K2682R	P	0.0
p.R2814Ter	NOT_IN_CLINVAR	3e-05
p.R1343Ter	NOT_IN_CLINVAR	1e-05
p.R1630Ter	NOT_IN_CLINVAR	1e-05
p.R1683Ter	NOT_IN_CLINVAR	1e-05
p.R2069C	LP	1e-05
p.R236Ter	NOT_IN_CLINVAR	1e-05
p.G2575R	P	1e-05
p.G2659E	VUS	0.0
p.E27G	VUS	0.0
p.G271R	VUS	0.0
p.G2746R	VUS	0.0
p.V198I	UNKNOWN	0.00042
p.P1663T	VUS	0.00019
p.V499M	UNKNOWN	0.00018
p.R1696C	UNKNOWN	0.00016
p.P1820R	UNKNOWN	0.0001
p.D1404N	UNKNOWN	5e-05
p.L2246F	UNKNOWN	5e-05
p.G2150S	UNKNOWN	4e-05
p.G815S	VUS	3e-05
p.G1281S	UNKNOWN	3e-05
p.R1482Q	UNKNOWN	3e-05
p.R1944W	UNKNOWN	3e-05
p.R574W	UNKNOWN	1e-05
p.I679V	UNKNOWN	1e-05
p.M1189V	UNKNOWN	1e-05
p.P1391L	UNKNOWN	1e-05
p.A1864T	B	0.00636
p.P2429L	LB	0.00472
p.R1538H	LB	0.00408
p.S543N	B	0.00401
p.R1538C	LB	0.00288
p.E748K	LB	0.00151
p.P1520L	LB	0.00111
p.V1438I	LB	0.00066
p.R2835H	UNKNOWN	0.00056
p.S1373L	UNKNOWN	0.0001
p.R1078H	UNKNOWN	0.0
p.P1088L	UNKNOWN	0.0
p.K2267R	LB	0.0
