gene	AGREE	BETTER_DATA	DISAGREE	N	strict_TP	strict_FP	strict_TN	strict_FN	strict_sensitivity	strict_specificity	strict_PPV	strict_NPV	lenient_TP	lenient_FP	lenient_TN	lenient_FN	lenient_sensitivity	lenient_specificity	lenient_PPV	lenient_NPV
ALL	50640	2571	2033	55244	4015	73	62	36	0.9911133053567021	0.45925925925925926	0.9821428571428571	0.6326530612244898	7284	2525	7252	319	0.9580428778113902	0.7417408202925233	0.7425833418289326	0.9578655395588429
