{
  "family": "collagen_facit",
  "n_samples": 41,
  "n_features": 17,
  "feature_columns": [
    "grantham_distance",
    "delta_hydrophobicity",
    "delta_volume",
    "delta_charge",
    "ref_hydrophobicity",
    "alt_hydrophobicity",
    "ref_volume",
    "alt_volume",
    "ref_charge",
    "alt_charge",
    "proline_involved",
    "glycine_involved",
    "cysteine_involved",
    "phylop_score",
    "phastcons_score",
    "gerp_score",
    "frequency"
  ],
  "feature_importance": {
    "grantham_distance": 0.0,
    "delta_hydrophobicity": 0.08149763012278274,
    "delta_volume": 0.0998581953016358,
    "delta_charge": 0.0023088023088023075,
    "ref_hydrophobicity": 0.031887254422581744,
    "alt_hydrophobicity": 0.016977281847714017,
    "ref_volume": 0.02182695769845644,
    "alt_volume": 0.01887613855867824,
    "ref_charge": 0.0,
    "alt_charge": 0.020040213249762323,
    "proline_involved": 0.0,
    "glycine_involved": 0.0049633562934055546,
    "cysteine_involved": 0.15251075802501116,
    "phylop_score": 0.12391014427353553,
    "phastcons_score": 0.04724366148994336,
    "gerp_score": 0.052816436724208035,
    "frequency": 0.32528316968348264
  },
  "performance": {
    "mse": 0.02405555555555556,
    "r2": 0.7564375
  },
  "model_path": "resources/family_models/collagen_facit_unified_model.joblib",
  "scaler_path": "resources/family_models/collagen_facit_unified_scaler.joblib"
}