{
  "family": "collagen_fibrillar",
  "n_samples": 641,
  "n_features": 17,
  "feature_columns": [
    "grantham_distance",
    "delta_hydrophobicity",
    "delta_volume",
    "delta_charge",
    "ref_hydrophobicity",
    "alt_hydrophobicity",
    "ref_volume",
    "alt_volume",
    "ref_charge",
    "alt_charge",
    "proline_involved",
    "glycine_involved",
    "cysteine_involved",
    "phylop_score",
    "phastcons_score",
    "gerp_score",
    "frequency"
  ],
  "feature_importance": {
    "grantham_distance": 0.004136335933613497,
    "delta_hydrophobicity": 0.03859797050810796,
    "delta_volume": 0.09812984411731457,
    "delta_charge": 0.003527275744186959,
    "ref_hydrophobicity": 0.018832853665596748,
    "alt_hydrophobicity": 0.008470224915444358,
    "ref_volume": 0.07883255404647874,
    "alt_volume": 0.005536025594480059,
    "ref_charge": 0.001066576728769245,
    "alt_charge": 0.0019777887191589193,
    "proline_involved": 0.0013263250477230793,
    "glycine_involved": 0.05141582131520337,
    "cysteine_involved": 0.0004764598636863599,
    "phylop_score": 0.0,
    "phastcons_score": 0.0,
    "gerp_score": 0.0,
    "frequency": 0.6876739438002362
  },
  "performance": {
    "mse": 0.029568913845383116,
    "r2": 0.7742861030729264
  },
  "model_path": "resources/family_models/collagen_fibrillar_unified_model.joblib",
  "scaler_path": "resources/family_models/collagen_fibrillar_unified_scaler.joblib"
}