{
  "family": "collagen_anchoring",
  "n_samples": 272,
  "n_features": 17,
  "feature_columns": [
    "grantham_distance",
    "delta_hydrophobicity",
    "delta_volume",
    "delta_charge",
    "ref_hydrophobicity",
    "alt_hydrophobicity",
    "ref_volume",
    "alt_volume",
    "ref_charge",
    "alt_charge",
    "proline_involved",
    "glycine_involved",
    "cysteine_involved",
    "phylop_score",
    "phastcons_score",
    "gerp_score",
    "frequency"
  ],
  "feature_importance": {
    "grantham_distance": 0.04527112373160315,
    "delta_hydrophobicity": 0.013529407321878411,
    "delta_volume": 0.03797306959229697,
    "delta_charge": 0.011456579892701532,
    "ref_hydrophobicity": 0.04196236406426903,
    "alt_hydrophobicity": 0.014560142336779795,
    "ref_volume": 0.03844224793759168,
    "alt_volume": 0.040295369792574,
    "ref_charge": 0.002254151061221625,
    "alt_charge": 0.0026939085156066057,
    "proline_involved": 0.007613973754182796,
    "glycine_involved": 0.010454928048065335,
    "cysteine_involved": 0.00041233234600022067,
    "phylop_score": 0.0,
    "phastcons_score": 0.0,
    "gerp_score": 0.0,
    "frequency": 0.7330804016052288
  },
  "performance": {
    "mse": 0.086590275808721,
    "r2": 0.4588107761954936
  },
  "model_path": "resources/family_models/collagen_anchoring_unified_model.joblib",
  "scaler_path": "resources/family_models/collagen_anchoring_unified_scaler.joblib"
}