{
  "family": "collagen_network",
  "n_samples": 462,
  "n_features": 17,
  "feature_columns": [
    "grantham_distance",
    "delta_hydrophobicity",
    "delta_volume",
    "delta_charge",
    "ref_hydrophobicity",
    "alt_hydrophobicity",
    "ref_volume",
    "alt_volume",
    "ref_charge",
    "alt_charge",
    "proline_involved",
    "glycine_involved",
    "cysteine_involved",
    "phylop_score",
    "phastcons_score",
    "gerp_score",
    "frequency"
  ],
  "feature_importance": {
    "grantham_distance": 0.0019344299976266682,
    "delta_hydrophobicity": 0.0196327908825347,
    "delta_volume": 0.01707952485273368,
    "delta_charge": 0.0024060433589619184,
    "ref_hydrophobicity": 0.10098702195505627,
    "alt_hydrophobicity": 0.009036804339098014,
    "ref_volume": 0.30684454269222206,
    "alt_volume": 0.009364843969744064,
    "ref_charge": 0.0004575642169511066,
    "alt_charge": 0.00046759311166967734,
    "proline_involved": 0.004419215043879696,
    "glycine_involved": 0.02486873422032925,
    "cysteine_involved": 0.0002260929182891568,
    "phylop_score": 0.0,
    "phastcons_score": 0.0,
    "gerp_score": 0.0,
    "frequency": 0.5022747984409038
  },
  "performance": {
    "mse": 0.03477311827956989,
    "r2": 0.794005
  },
  "model_path": "resources/family_models/collagen_network_unified_model.joblib",
  "scaler_path": "resources/family_models/collagen_network_unified_scaler.joblib"
}