{
  "family": "collagen_fibrillar",
  "n_samples": 640,
  "n_features": 17,
  "feature_columns": [
    "grantham_distance",
    "delta_hydrophobicity",
    "delta_volume",
    "delta_charge",
    "ref_hydrophobicity",
    "alt_hydrophobicity",
    "ref_volume",
    "alt_volume",
    "ref_charge",
    "alt_charge",
    "proline_involved",
    "glycine_involved",
    "cysteine_involved",
    "phylop_score",
    "phastcons_score",
    "gerp_score",
    "frequency"
  ],
  "feature_importance": {
    "grantham_distance": 0.0041727676536213384,
    "delta_hydrophobicity": 0.04180010157563105,
    "delta_volume": 0.07785625023107258,
    "delta_charge": 0.004243668015539561,
    "ref_hydrophobicity": 0.017679964842665995,
    "alt_hydrophobicity": 0.011727748376618408,
    "ref_volume": 0.18081632335845257,
    "alt_volume": 0.004387314792428421,
    "ref_charge": 0.0019079272959335947,
    "alt_charge": 0.0009644040488534367,
    "proline_involved": 0.0027093162989581705,
    "glycine_involved": 0.08505810693389114,
    "cysteine_involved": 0.0004172912839522065,
    "phylop_score": 0.0,
    "phastcons_score": 0.0,
    "gerp_score": 0.0,
    "frequency": 0.5662588152923815
  },
  "performance": {
    "mse": 0.024376266608205778,
    "r2": 0.8151015036533132
  },
  "model_path": "resources/family_models/collagen_fibrillar_unified_model.joblib",
  "scaler_path": "resources/family_models/collagen_fibrillar_unified_scaler.joblib"
}