{
  "family": "collagen_network",
  "n_samples": 462,
  "n_features": 17,
  "feature_columns": [
    "grantham_distance",
    "delta_hydrophobicity",
    "delta_volume",
    "delta_charge",
    "ref_hydrophobicity",
    "alt_hydrophobicity",
    "ref_volume",
    "alt_volume",
    "ref_charge",
    "alt_charge",
    "proline_involved",
    "glycine_involved",
    "cysteine_involved",
    "phylop_score",
    "phastcons_score",
    "gerp_score",
    "frequency"
  ],
  "feature_importance": {
    "grantham_distance": 0.0015491303222493632,
    "delta_hydrophobicity": 0.015251147938242055,
    "delta_volume": 0.00755825341421784,
    "delta_charge": 0.0028553683350401315,
    "ref_hydrophobicity": 0.09361244800334817,
    "alt_hydrophobicity": 0.0041173047991835575,
    "ref_volume": 0.3221510292673007,
    "alt_volume": 0.0067076371439541305,
    "ref_charge": 0.0008778373224057292,
    "alt_charge": 0.0,
    "proline_involved": 0.003187918918991887,
    "glycine_involved": 0.00744092187256988,
    "cysteine_involved": 0.0,
    "phylop_score": 0.014272564856915656,
    "phastcons_score": 0.004314515607990828,
    "gerp_score": 0.02436982932962308,
    "frequency": 0.491734092867967
  },
  "performance": {
    "mse": 0.038856989247311825,
    "r2": 0.7698122602739725
  },
  "model_path": "resources/family_models/collagen_network_unified_model.joblib",
  "scaler_path": "resources/family_models/collagen_network_unified_scaler.joblib"
}