{
  "family": "cytoskeleton",
  "n_samples": 585,
  "n_features": 17,
  "feature_columns": [
    "grantham_distance",
    "delta_hydrophobicity",
    "delta_volume",
    "delta_charge",
    "ref_hydrophobicity",
    "alt_hydrophobicity",
    "ref_volume",
    "alt_volume",
    "ref_charge",
    "alt_charge",
    "proline_involved",
    "glycine_involved",
    "cysteine_involved",
    "phylop_score",
    "phastcons_score",
    "gerp_score",
    "frequency"
  ],
  "feature_importance": {
    "grantham_distance": 0.007899200036212492,
    "delta_hydrophobicity": 0.051406377120636525,
    "delta_volume": 0.06022543580549119,
    "delta_charge": 0.009283942381814783,
    "ref_hydrophobicity": 0.03403036348731921,
    "alt_hydrophobicity": 0.034616540336355486,
    "ref_volume": 0.03324967451299789,
    "alt_volume": 0.06036871164752023,
    "ref_charge": 0.007605083201953367,
    "alt_charge": 0.003074840683161652,
    "proline_involved": 0.0007891927375667802,
    "glycine_involved": 0.0023976878121123916,
    "cysteine_involved": 0.0031071387159187867,
    "phylop_score": 0.12170759615790055,
    "phastcons_score": 0.10950639028375843,
    "gerp_score": 0.12474253518799222,
    "frequency": 0.33598928989128807
  },
  "performance": {
    "mse": 0.07221815984128828,
    "r2": 0.4904152628518581
  },
  "model_path": "resources/family_models/cytoskeleton_unified_model.joblib",
  "scaler_path": "resources/family_models/cytoskeleton_unified_scaler.joblib"
}