{
  "family": "cytoskeleton",
  "n_samples": 553,
  "n_features": 17,
  "feature_columns": [
    "grantham_distance",
    "delta_hydrophobicity",
    "delta_volume",
    "delta_charge",
    "ref_hydrophobicity",
    "alt_hydrophobicity",
    "ref_volume",
    "alt_volume",
    "ref_charge",
    "alt_charge",
    "proline_involved",
    "glycine_involved",
    "cysteine_involved",
    "phylop_score",
    "phastcons_score",
    "gerp_score",
    "frequency"
  ],
  "feature_importance": {
    "grantham_distance": 0.011551194317516994,
    "delta_hydrophobicity": 0.07486047022262957,
    "delta_volume": 0.08448694606312859,
    "delta_charge": 0.011918900472260071,
    "ref_hydrophobicity": 0.04992078372755415,
    "alt_hydrophobicity": 0.06286468759957901,
    "ref_volume": 0.03736289348753683,
    "alt_volume": 0.09048837247966862,
    "ref_charge": 0.0058135800444031925,
    "alt_charge": 0.012783855800035382,
    "proline_involved": 7.073992825570909e-05,
    "glycine_involved": 0.00431931856988141,
    "cysteine_involved": 0.0013995520137925835,
    "phylop_score": 0.0,
    "phastcons_score": 0.0,
    "gerp_score": 0.0,
    "frequency": 0.552158705273758
  },
  "performance": {
    "mse": 0.13271757240754262,
    "r2": 0.06452333545003863
  },
  "model_path": "resources/family_models/cytoskeleton_unified_model.joblib",
  "scaler_path": "resources/family_models/cytoskeleton_unified_scaler.joblib"
}