{
  "family": "elastin_fibrillin",
  "n_samples": 1428,
  "n_features": 17,
  "feature_columns": [
    "grantham_distance",
    "delta_hydrophobicity",
    "delta_volume",
    "delta_charge",
    "ref_hydrophobicity",
    "alt_hydrophobicity",
    "ref_volume",
    "alt_volume",
    "ref_charge",
    "alt_charge",
    "proline_involved",
    "glycine_involved",
    "cysteine_involved",
    "phylop_score",
    "phastcons_score",
    "gerp_score",
    "frequency"
  ],
  "feature_importance": {
    "grantham_distance": 0.013897994715841114,
    "delta_hydrophobicity": 0.024977605659345405,
    "delta_volume": 0.018885950000520905,
    "delta_charge": 0.005891503524249978,
    "ref_hydrophobicity": 0.02098981176029712,
    "alt_hydrophobicity": 0.01183214086774807,
    "ref_volume": 0.017167689658879697,
    "alt_volume": 0.01108135183324543,
    "ref_charge": 0.0026697243660196504,
    "alt_charge": 0.0036228003750559436,
    "proline_involved": 0.003871608527558215,
    "glycine_involved": 0.000520194470837314,
    "cysteine_involved": 0.05212819493375514,
    "phylop_score": 0.04457645854692351,
    "phastcons_score": 0.0486673464300564,
    "gerp_score": 0.04157938012232684,
    "frequency": 0.6776402442073393
  },
  "performance": {
    "mse": 0.05082538830911476,
    "r2": 0.6681582485526539
  },
  "model_path": "resources/family_models/elastin_fibrillin_unified_model.joblib",
  "scaler_path": "resources/family_models/elastin_fibrillin_unified_scaler.joblib"
}