{
  "family": "elastin_fibrillin",
  "n_samples": 1428,
  "n_features": 17,
  "feature_columns": [
    "grantham_distance",
    "delta_hydrophobicity",
    "delta_volume",
    "delta_charge",
    "ref_hydrophobicity",
    "alt_hydrophobicity",
    "ref_volume",
    "alt_volume",
    "ref_charge",
    "alt_charge",
    "proline_involved",
    "glycine_involved",
    "cysteine_involved",
    "phylop_score",
    "phastcons_score",
    "gerp_score",
    "frequency"
  ],
  "feature_importance": {
    "grantham_distance": 0.015189699397079362,
    "delta_hydrophobicity": 0.036840063997684545,
    "delta_volume": 0.023904923284465994,
    "delta_charge": 0.007253917499424345,
    "ref_hydrophobicity": 0.02881997755626746,
    "alt_hydrophobicity": 0.017214708254634396,
    "ref_volume": 0.02325670910699254,
    "alt_volume": 0.017905519574894297,
    "ref_charge": 0.0027100237165612984,
    "alt_charge": 0.0030378033353451643,
    "proline_involved": 0.005842184786129355,
    "glycine_involved": 0.0012809939527136521,
    "cysteine_involved": 0.05702174922590235,
    "phylop_score": 0.0,
    "phastcons_score": 0.0,
    "gerp_score": 0.0,
    "frequency": 0.7597217263119053
  },
  "performance": {
    "mse": 0.043443776072729326,
    "r2": 0.71635320021991
  },
  "model_path": "resources/family_models/elastin_fibrillin_unified_model.joblib",
  "scaler_path": "resources/family_models/elastin_fibrillin_unified_scaler.joblib"
}