{
  "family": "ion_channel",
  "n_samples": 162,
  "n_features": 17,
  "feature_columns": [
    "grantham_distance",
    "delta_hydrophobicity",
    "delta_volume",
    "delta_charge",
    "ref_hydrophobicity",
    "alt_hydrophobicity",
    "ref_volume",
    "alt_volume",
    "ref_charge",
    "alt_charge",
    "proline_involved",
    "glycine_involved",
    "cysteine_involved",
    "phylop_score",
    "phastcons_score",
    "gerp_score",
    "frequency"
  ],
  "feature_importance": {
    "grantham_distance": 0.0068666521289417705,
    "delta_hydrophobicity": 0.08901205433774312,
    "delta_volume": 0.04730257552613721,
    "delta_charge": 0.01155991507065683,
    "ref_hydrophobicity": 0.0933346026050293,
    "alt_hydrophobicity": 0.08534063790860176,
    "ref_volume": 0.054386629859907804,
    "alt_volume": 0.03273579393495209,
    "ref_charge": 0.008900116689857839,
    "alt_charge": 0.021716487988395473,
    "proline_involved": 0.0,
    "glycine_involved": 0.0011969985554781061,
    "cysteine_involved": 0.0015626307147654178,
    "phylop_score": 0.0,
    "phastcons_score": 0.0,
    "gerp_score": 0.0,
    "frequency": 0.5460849046795334
  },
  "performance": {
    "mse": 0.19618370202020205,
    "r2": -0.06822025750000016
  },
  "model_path": "resources/family_models/ion_channel_unified_model.joblib",
  "scaler_path": "resources/family_models/ion_channel_unified_scaler.joblib"
}