{
  "family": "ion_channel",
  "n_samples": 14520,
  "n_features": 17,
  "feature_columns": [
    "grantham_distance",
    "delta_hydrophobicity",
    "delta_volume",
    "delta_charge",
    "ref_hydrophobicity",
    "alt_hydrophobicity",
    "ref_volume",
    "alt_volume",
    "ref_charge",
    "alt_charge",
    "proline_involved",
    "glycine_involved",
    "cysteine_involved",
    "phylop_score",
    "phastcons_score",
    "gerp_score",
    "frequency"
  ],
  "feature_importance": {
    "grantham_distance": 0.0002732671012003238,
    "delta_hydrophobicity": 0.0013110104884749261,
    "delta_volume": 0.0022422411612907636,
    "delta_charge": 0.00012462546385346018,
    "ref_hydrophobicity": 0.007277064402365805,
    "alt_hydrophobicity": 0.02350192546342807,
    "ref_volume": 0.007500592236477383,
    "alt_volume": 0.0005299349198693123,
    "ref_charge": 2.2853513240138583e-05,
    "alt_charge": 0.0003366808034888898,
    "proline_involved": 1.4506288634136695e-05,
    "glycine_involved": 0.0001425207531863958,
    "cysteine_involved": 1.0214418503555106e-05,
    "phylop_score": 0.9368819695383096,
    "phastcons_score": 0.013941280108784286,
    "gerp_score": 0.0,
    "frequency": 0.005889313338892766
  },
  "performance": {
    "mse": 0.058548163186780224,
    "r2": 0.6827323886140988
  },
  "model_path": "resources/family_models/ion_channel_unified_model.joblib",
  "scaler_path": "resources/family_models/ion_channel_unified_scaler.joblib"
}