{
  "family": "transporter",
  "n_samples": 110,
  "n_features": 17,
  "feature_columns": [
    "grantham_distance",
    "delta_hydrophobicity",
    "delta_volume",
    "delta_charge",
    "ref_hydrophobicity",
    "alt_hydrophobicity",
    "ref_volume",
    "alt_volume",
    "ref_charge",
    "alt_charge",
    "proline_involved",
    "glycine_involved",
    "cysteine_involved",
    "phylop_score",
    "phastcons_score",
    "gerp_score",
    "frequency"
  ],
  "feature_importance": {
    "grantham_distance": 0.004772166572862504,
    "delta_hydrophobicity": 0.023922768018164117,
    "delta_volume": 0.07205648398508707,
    "delta_charge": 0.004163648906386609,
    "ref_hydrophobicity": 0.015784685920874068,
    "alt_hydrophobicity": 0.01029901688818287,
    "ref_volume": 0.012087299827024866,
    "alt_volume": 0.026354683799012592,
    "ref_charge": 0.0006695138254306699,
    "alt_charge": 0.0005369946605644549,
    "proline_involved": 0.0012754571131262079,
    "glycine_involved": 0.002693492690000055,
    "cysteine_involved": 0.0001701222753854333,
    "phylop_score": 0.05465780818744395,
    "phastcons_score": 0.06720335843154088,
    "gerp_score": 0.039799592902730996,
    "frequency": 0.6635529059961827
  },
  "performance": {
    "mse": 0.07815454545454545,
    "r2": 0.5549788235294119
  },
  "model_path": "resources/family_models/transporter_unified_model.joblib",
  "scaler_path": "resources/family_models/transporter_unified_scaler.joblib"
}