{
  "family": "tumor_suppressor",
  "n_samples": 640,
  "n_features": 17,
  "feature_columns": [
    "grantham_distance",
    "delta_hydrophobicity",
    "delta_volume",
    "delta_charge",
    "ref_hydrophobicity",
    "alt_hydrophobicity",
    "ref_volume",
    "alt_volume",
    "ref_charge",
    "alt_charge",
    "proline_involved",
    "glycine_involved",
    "cysteine_involved",
    "phylop_score",
    "phastcons_score",
    "gerp_score",
    "frequency"
  ],
  "feature_importance": {
    "grantham_distance": 0.010150127592326617,
    "delta_hydrophobicity": 0.09237989354190725,
    "delta_volume": 0.06250844415309338,
    "delta_charge": 0.005115617174050656,
    "ref_hydrophobicity": 0.026256511164442928,
    "alt_hydrophobicity": 0.03654904595442551,
    "ref_volume": 0.052109097930773784,
    "alt_volume": 0.04932461434863558,
    "ref_charge": 0.008740991258902715,
    "alt_charge": 0.008966567927973575,
    "proline_involved": 0.0055092598283858485,
    "glycine_involved": 0.0014660620680034533,
    "cysteine_involved": 0.0005598469127412774,
    "phylop_score": 0.0,
    "phastcons_score": 0.0,
    "gerp_score": 0.0,
    "frequency": 0.6403639201443375
  },
  "performance": {
    "mse": 0.13119421487824268,
    "r2": 0.3616020146821717
  },
  "model_path": "resources/family_models/tumor_suppressor_unified_model.joblib",
  "scaler_path": "resources/family_models/tumor_suppressor_unified_scaler.joblib"
}