{
  "family": "tumor_suppressor",
  "n_samples": 738,
  "n_features": 17,
  "feature_columns": [
    "grantham_distance",
    "delta_hydrophobicity",
    "delta_volume",
    "delta_charge",
    "ref_hydrophobicity",
    "alt_hydrophobicity",
    "ref_volume",
    "alt_volume",
    "ref_charge",
    "alt_charge",
    "proline_involved",
    "glycine_involved",
    "cysteine_involved",
    "phylop_score",
    "phastcons_score",
    "gerp_score",
    "frequency"
  ],
  "feature_importance": {
    "grantham_distance": 0.002953373225516575,
    "delta_hydrophobicity": 0.05299070034654096,
    "delta_volume": 0.023721757601288383,
    "delta_charge": 0.00421236117476255,
    "ref_hydrophobicity": 0.015182326309889178,
    "alt_hydrophobicity": 0.024164727805815002,
    "ref_volume": 0.02229612519126241,
    "alt_volume": 0.0325029662733748,
    "ref_charge": 0.005511479517147123,
    "alt_charge": 0.004183766757185558,
    "proline_involved": 0.001835216631926338,
    "glycine_involved": 0.00087269274136356,
    "cysteine_involved": 0.0005883083984723975,
    "phylop_score": 0.06957541899031769,
    "phastcons_score": 0.06176544836754951,
    "gerp_score": 0.08012884621801178,
    "frequency": 0.5975144844495762
  },
  "performance": {
    "mse": 0.11081909078845711,
    "r2": 0.5093225460621862
  },
  "model_path": "resources/family_models/tumor_suppressor_unified_model.joblib",
  "scaler_path": "resources/family_models/tumor_suppressor_unified_scaler.joblib"
}